<?xml version="1.0" encoding="UTF-8"?>
<project-private xmlns="http://www.netbeans.org/ns/project-private/1">
    <editor-bookmarks xmlns="http://www.netbeans.org/ns/editor-bookmarks/2" lastBookmarkId="0"/>
    <open-files xmlns="http://www.netbeans.org/ns/projectui-open-files/2">
        <group>
            <file>file:/C:/Users/Manuel/Desktop/POO/Proyectos/SistemaHospitalario/src/autonoma/shospitalario/models/Medicamento.java</file>
            <file>file:/C:/Users/Manuel/Desktop/POO/Proyectos/SistemaHospitalario/src/autonoma/shospitalario/models/Hospital.java</file>
            <file>file:/C:/Users/Manuel/Desktop/POO/Proyectos/SistemaHospitalario/src/autonoma/shospitalario/models/MedicamentoMarca.java</file>
            <file>file:/C:/Users/Manuel/Desktop/POO/Proyectos/SistemaHospitalario/src/autonoma/shospitalario/models/Farmacia.java</file>
            <file>file:/C:/Users/Manuel/Desktop/POO/Proyectos/SistemaHospitalario/src/autonoma/shospitalario/models/Persona.java</file>
            <file>file:/C:/Users/Manuel/Desktop/POO/Proyectos/SistemaHospitalario/src/autonoma/shospitalario/models/MedicamentoGenerico.java</file>
            <file>file:/C:/Users/Manuel/Desktop/POO/Proyectos/SistemaHospitalario/src/autonoma/shospitalario/models/Medico.java</file>
            <file>file:/C:/Users/Manuel/Desktop/POO/Proyectos/SistemaHospitalario/src/autonoma/shospitalario/models/Paciente.java</file>
            <file>file:/C:/Users/Manuel/Desktop/POO/Proyectos/SistemaHospitalario/src/autonoma/shospitalario/models/Cita.java</file>
        </group>
    </open-files>
</project-private>
